date_id,date,day,day_of_the_week,month,quarter,year
0,2013-01-01,1,Tuesday,January,1,2013
20,2013-04-22,22,Monday,April,2,2013
70,2013-09-27,27,Friday,September,3,2013
73,2013-10-12,12,Saturday,October,4,2013
86,2014-01-01,1,Wednesday,January,1,2014
91,2014-01-06,6,Monday,January,1,2014
92,2014-01-07,7,Tuesday,January,1,2014
1483,2017-11-01,1,Wednesday,November,4,2017
95,2014-01-10,10,Friday,January,1,2014
97,2014-01-12,12,Sunday,January,1,2014
99,2014-01-14,14,Tuesday,January,1,2014
108,2014-01-23,23,Thursday,January,1,2014
111,2014-01-26,26,Sunday,January,1,2014
112,2014-01-27,27,Monday,January,1,2014
115,2014-01-30,30,Thursday,January,1,2014
322,2014-08-25,25,Monday,August,3,2014
120,2014-02-04,4,Tuesday,February,1,2014
123,2014-02-07,7,Friday,February,1,2014
132,2014-02-16,16,Sunday,February,1,2014
1042,2016-08-16,16,Tuesday,August,3,2016
136,2014-02-20,20,Thursday,February,1,2014
141,2014-02-25,25,Tuesday,February,1,2014
143,2014-02-27,27,Thursday,February,1,2014
920,2016-04-15,15,Friday,April,2,2016
1141,2016-11-23,23,Wednesday,November,4,2016
1237,2017-02-28,28,Tuesday,February,1,2017
1401,2017-08-11,11,Friday,August,3,2017
153,2014-03-09,9,Sunday,March,1,2014
158,2014-03-14,14,Friday,March,1,2014
165,2014-03-21,21,Friday,March,1,2014
167,2014-03-23,23,Sunday,March,1,2014
173,2014-03-29,29,Saturday,March,1,2014
176,2014-04-01,1,Tuesday,April,2,2014
180,2014-04-05,5,Saturday,April,2,2014
673,2015-08-12,12,Wednesday,August,3,2015
195,2014-04-20,20,Sunday,April,2,2014
1580,2018-02-06,6,Tuesday,February,1,2018
1119,2016-11-01,1,Tuesday,November,4,2016
204,2014-04-29,29,Tuesday,April,2,2014
452,2015-01-02,2,Friday,January,1,2015
1595,2018-02-21,21,Wednesday,February,1,2018
205,2014-04-30,30,Wednesday,April,2,2014
207,2014-05-02,2,Friday,May,2,2014
208,2014-05-03,3,Saturday,May,2,2014
210,2014-05-05,5,Monday,May,2,2014
213,2014-05-08,8,Thursday,May,2,2014
825,2016-01-11,11,Monday,January,1,2016
1462,2017-10-11,11,Wednesday,October,4,2017
781,2015-11-28,28,Saturday,November,4,2015
1209,2017-01-31,31,Tuesday,January,1,2017
226,2014-05-21,21,Wednesday,May,2,2014
522,2015-03-13,13,Friday,March,1,2015
228,2014-05-23,23,Friday,May,2,2014
232,2014-05-27,27,Tuesday,May,2,2014
692,2015-08-31,31,Monday,August,3,2015
1206,2017-01-28,28,Saturday,January,1,2017
969,2016-06-03,3,Friday,June,2,2016
233,2014-05-28,28,Wednesday,May,2,2014
1392,2017-08-02,2,Wednesday,August,3,2017
239,2014-06-03,3,Tuesday,June,2,2014
1167,2016-12-19,19,Monday,December,4,2016
275,2014-07-09,9,Wednesday,July,3,2014
260,2014-06-24,24,Tuesday,June,2,2014
297,2014-07-31,31,Thursday,July,3,2014
269,2014-07-03,3,Thursday,July,3,2014
276,2014-07-10,10,Thursday,July,3,2014
281,2014-07-15,15,Tuesday,July,3,2014
283,2014-07-17,17,Thursday,July,3,2014
284,2014-07-18,18,Friday,July,3,2014
287,2014-07-21,21,Monday,July,3,2014
293,2014-07-27,27,Sunday,July,3,2014
298,2014-08-01,1,Friday,August,3,2014
1582,2018-02-08,8,Thursday,February,1,2018
299,2014-08-02,2,Saturday,August,3,2014
302,2014-08-05,5,Tuesday,August,3,2014
303,2014-08-06,6,Wednesday,August,3,2014
305,2014-08-08,8,Friday,August,3,2014
307,2014-08-10,10,Sunday,August,3,2014
311,2014-08-14,14,Thursday,August,3,2014
319,2014-08-22,22,Friday,August,3,2014
325,2014-08-28,28,Thursday,August,3,2014
1358,2017-06-29,29,Thursday,June,2,2017
1293,2017-04-25,25,Tuesday,April,2,2017
1575,2018-02-01,1,Thursday,February,1,2018
332,2014-09-04,4,Thursday,September,3,2014
333,2014-09-05,5,Friday,September,3,2014
945,2016-05-10,10,Tuesday,May,2,2016
1051,2016-08-25,25,Thursday,August,3,2016
506,2015-02-25,25,Wednesday,February,1,2015
350,2014-09-22,22,Monday,September,3,2014
790,2015-12-07,7,Monday,December,4,2015
1140,2016-11-22,22,Tuesday,November,4,2016
362,2014-10-04,4,Saturday,October,4,2014
368,2014-10-10,10,Friday,October,4,2014
1205,2017-01-27,27,Friday,January,1,2017
381,2014-10-23,23,Thursday,October,4,2014
1215,2017-02-06,6,Monday,February,1,2017
384,2014-10-26,26,Sunday,October,4,2014
1038,2016-08-12,12,Friday,August,3,2016
1149,2016-12-01,1,Thursday,December,4,2016
1343,2017-06-14,14,Wednesday,June,2,2017
397,2014-11-08,8,Saturday,November,4,2014
399,2014-11-10,10,Monday,November,4,2014
400,2014-11-11,11,Tuesday,November,4,2014
1148,2016-11-30,30,Wednesday,November,4,2016
407,2014-11-18,18,Tuesday,November,4,2014
412,2014-11-23,23,Sunday,November,4,2014
416,2014-11-27,27,Thursday,November,4,2014
418,2014-11-29,29,Saturday,November,4,2014
1469,2017-10-18,18,Wednesday,October,4,2017
419,2014-11-30,30,Sunday,November,4,2014
1631,2018-03-29,29,Thursday,March,1,2018
422,2014-12-03,3,Wednesday,December,4,2014
425,2014-12-06,6,Saturday,December,4,2014
646,2015-07-16,16,Thursday,July,3,2015
539,2015-03-30,30,Monday,March,1,2015
1188,2017-01-09,9,Monday,January,1,2017
576,2015-05-07,7,Thursday,May,2,2015
426,2014-12-07,7,Sunday,December,4,2014
428,2014-12-09,9,Tuesday,December,4,2014
584,2015-05-15,15,Friday,May,2,2015
1049,2016-08-23,23,Tuesday,August,3,2016
1001,2016-07-06,6,Wednesday,July,3,2016
429,2014-12-10,10,Wednesday,December,4,2014
430,2014-12-11,11,Thursday,December,4,2014
431,2014-12-12,12,Friday,December,4,2014
682,2015-08-21,21,Friday,August,3,2015
950,2016-05-15,15,Sunday,May,2,2016
502,2015-02-21,21,Saturday,February,1,2015
435,2014-12-16,16,Tuesday,December,4,2014
549,2015-04-09,9,Thursday,April,2,2015
437,2014-12-18,18,Thursday,December,4,2014
438,2014-12-19,19,Friday,December,4,2014
440,2014-12-21,21,Sunday,December,4,2014
447,2014-12-28,28,Sunday,December,4,2014
657,2015-07-27,27,Monday,July,3,2015
449,2014-12-30,30,Tuesday,December,4,2014
1335,2017-06-06,6,Tuesday,June,2,2017
451,2015-01-01,1,Thursday,January,1,2015
453,2015-01-03,3,Saturday,January,1,2015
1086,2016-09-29,29,Thursday,September,3,2016
454,2015-01-04,4,Sunday,January,1,2015
455,2015-01-05,5,Monday,January,1,2015
456,2015-01-06,6,Tuesday,January,1,2015
458,2015-01-08,8,Thursday,January,1,2015
459,2015-01-09,9,Friday,January,1,2015
460,2015-01-10,10,Saturday,January,1,2015
461,2015-01-11,11,Sunday,January,1,2015
854,2016-02-09,9,Tuesday,February,1,2016
975,2016-06-09,9,Thursday,June,2,2016
524,2015-03-15,15,Sunday,March,1,2015
1232,2017-02-23,23,Thursday,February,1,2017
464,2015-01-14,14,Wednesday,January,1,2015
465,2015-01-15,15,Thursday,January,1,2015
466,2015-01-16,16,Friday,January,1,2015
467,2015-01-17,17,Saturday,January,1,2015
1457,2017-10-06,6,Friday,October,4,2017
1138,2016-11-20,20,Sunday,November,4,2016
1225,2017-02-16,16,Thursday,February,1,2017
567,2015-04-28,28,Tuesday,April,2,2015
470,2015-01-20,20,Tuesday,January,1,2015
474,2015-01-24,24,Saturday,January,1,2015
475,2015-01-25,25,Sunday,January,1,2015
476,2015-01-26,26,Monday,January,1,2015
938,2016-05-03,3,Tuesday,May,2,2016
477,2015-01-27,27,Tuesday,January,1,2015
1394,2017-08-04,4,Friday,August,3,2017
1075,2016-09-18,18,Sunday,September,3,2016
479,2015-01-29,29,Thursday,January,1,2015
1211,2017-02-02,2,Thursday,February,1,2017
480,2015-01-30,30,Friday,January,1,2015
1558,2018-01-15,15,Monday,January,1,2018
485,2015-02-04,4,Wednesday,February,1,2015
486,2015-02-05,5,Thursday,February,1,2015
487,2015-02-06,6,Friday,February,1,2015
488,2015-02-07,7,Saturday,February,1,2015
1081,2016-09-24,24,Saturday,September,3,2016
1144,2016-11-26,26,Saturday,November,4,2016
489,2015-02-08,8,Sunday,February,1,2015
491,2015-02-10,10,Tuesday,February,1,2015
1219,2017-02-10,10,Friday,February,1,2017
492,2015-02-11,11,Wednesday,February,1,2015
493,2015-02-12,12,Thursday,February,1,2015
494,2015-02-13,13,Friday,February,1,2015
495,2015-02-14,14,Saturday,February,1,2015
496,2015-02-15,15,Sunday,February,1,2015
497,2015-02-16,16,Monday,February,1,2015
498,2015-02-17,17,Tuesday,February,1,2015
1262,2017-03-25,25,Saturday,March,1,2017
500,2015-02-19,19,Thursday,February,1,2015
503,2015-02-22,22,Sunday,February,1,2015
507,2015-02-26,26,Thursday,February,1,2015
508,2015-02-27,27,Friday,February,1,2015
509,2015-02-28,28,Saturday,February,1,2015
510,2015-03-01,1,Sunday,March,1,2015
512,2015-03-03,3,Tuesday,March,1,2015
513,2015-03-04,4,Wednesday,March,1,2015
514,2015-03-05,5,Thursday,March,1,2015
515,2015-03-06,6,Friday,March,1,2015
516,2015-03-07,7,Saturday,March,1,2015
517,2015-03-08,8,Sunday,March,1,2015
518,2015-03-09,9,Monday,March,1,2015
520,2015-03-11,11,Wednesday,March,1,2015
521,2015-03-12,12,Thursday,March,1,2015
785,2015-12-02,2,Wednesday,December,4,2015
525,2015-03-16,16,Monday,March,1,2015
1245,2017-03-08,8,Wednesday,March,1,2017
864,2016-02-19,19,Friday,February,1,2016
527,2015-03-18,18,Wednesday,March,1,2015
528,2015-03-19,19,Thursday,March,1,2015
1378,2017-07-19,19,Wednesday,July,3,2017
1380,2017-07-21,21,Friday,July,3,2017
1387,2017-07-28,28,Friday,July,3,2017
1397,2017-08-07,7,Monday,August,3,2017
719,2015-09-27,27,Sunday,September,3,2015
1509,2017-11-27,27,Monday,November,4,2017
1381,2017-07-22,22,Saturday,July,3,2017
530,2015-03-21,21,Saturday,March,1,2015
617,2015-06-17,17,Wednesday,June,2,2015
531,2015-03-22,22,Sunday,March,1,2015
532,2015-03-23,23,Monday,March,1,2015
533,2015-03-24,24,Tuesday,March,1,2015
926,2016-04-21,21,Thursday,April,2,2016
534,2015-03-25,25,Wednesday,March,1,2015
535,2015-03-26,26,Thursday,March,1,2015
1059,2016-09-02,2,Friday,September,3,2016
537,2015-03-28,28,Saturday,March,1,2015
1309,2017-05-11,11,Thursday,May,2,2017
728,2015-10-06,6,Tuesday,October,4,2015
770,2015-11-17,17,Tuesday,November,4,2015
667,2015-08-06,6,Thursday,August,3,2015
540,2015-03-31,31,Tuesday,March,1,2015
1031,2016-08-05,5,Friday,August,3,2016
541,2015-04-01,1,Wednesday,April,2,2015
542,2015-04-02,2,Thursday,April,2,2015
1197,2017-01-18,18,Wednesday,January,1,2017
906,2016-04-01,1,Friday,April,2,2016
544,2015-04-04,4,Saturday,April,2,2015
545,2015-04-05,5,Sunday,April,2,2015
547,2015-04-07,7,Tuesday,April,2,2015
1268,2017-03-31,31,Friday,March,1,2017
548,2015-04-08,8,Wednesday,April,2,2015
550,2015-04-10,10,Friday,April,2,2015
552,2015-04-12,12,Sunday,April,2,2015
554,2015-04-14,14,Tuesday,April,2,2015
555,2015-04-15,15,Wednesday,April,2,2015
556,2015-04-16,16,Thursday,April,2,2015
680,2015-08-19,19,Wednesday,August,3,2015
557,2015-04-17,17,Friday,April,2,2015
558,2015-04-18,18,Saturday,April,2,2015
559,2015-04-19,19,Sunday,April,2,2015
560,2015-04-20,20,Monday,April,2,2015
561,2015-04-22,22,Wednesday,April,2,2015
562,2015-04-23,23,Thursday,April,2,2015
563,2015-04-24,24,Friday,April,2,2015
565,2015-04-26,26,Sunday,April,2,2015
566,2015-04-27,27,Monday,April,2,2015
777,2015-11-24,24,Tuesday,November,4,2015
1133,2016-11-15,15,Tuesday,November,4,2016
899,2016-03-25,25,Friday,March,1,2016
1094,2016-10-07,7,Friday,October,4,2016
1286,2017-04-18,18,Tuesday,April,2,2017
1373,2017-07-14,14,Friday,July,3,2017
570,2015-05-01,1,Friday,May,2,2015
571,2015-05-02,2,Saturday,May,2,2015
572,2015-05-03,3,Sunday,May,2,2015
1278,2017-04-10,10,Monday,April,2,2017
574,2015-05-05,5,Tuesday,May,2,2015
577,2015-05-08,8,Friday,May,2,2015
823,2016-01-09,9,Saturday,January,1,2016
580,2015-05-11,11,Monday,May,2,2015
757,2015-11-04,4,Wednesday,November,4,2015
1238,2017-03-01,1,Wednesday,March,1,2017
581,2015-05-12,12,Tuesday,May,2,2015
582,2015-05-13,13,Wednesday,May,2,2015
1494,2017-11-12,12,Sunday,November,4,2017
585,2015-05-16,16,Saturday,May,2,2015
586,2015-05-17,17,Sunday,May,2,2015
587,2015-05-18,18,Monday,May,2,2015
589,2015-05-20,20,Wednesday,May,2,2015
590,2015-05-21,21,Thursday,May,2,2015
591,2015-05-22,22,Friday,May,2,2015
592,2015-05-23,23,Saturday,May,2,2015
594,2015-05-25,25,Monday,May,2,2015
595,2015-05-26,26,Tuesday,May,2,2015
596,2015-05-27,27,Wednesday,May,2,2015
597,2015-05-28,28,Thursday,May,2,2015
598,2015-05-29,29,Friday,May,2,2015
599,2015-05-30,30,Saturday,May,2,2015
1295,2017-04-27,27,Thursday,April,2,2017
601,2015-06-01,1,Monday,June,2,2015
603,2015-06-03,3,Wednesday,June,2,2015
1180,2017-01-01,1,Sunday,January,1,2017
604,2015-06-04,4,Thursday,June,2,2015
605,2015-06-05,5,Friday,June,2,2015
606,2015-06-06,6,Saturday,June,2,2015
609,2015-06-09,9,Tuesday,June,2,2015
610,2015-06-10,10,Wednesday,June,2,2015
612,2015-06-12,12,Friday,June,2,2015
613,2015-06-13,13,Saturday,June,2,2015
614,2015-06-14,14,Sunday,June,2,2015
615,2015-06-15,15,Monday,June,2,2015
616,2015-06-16,16,Tuesday,June,2,2015
619,2015-06-19,19,Friday,June,2,2015
620,2015-06-20,20,Saturday,June,2,2015
621,2015-06-21,21,Sunday,June,2,2015
622,2015-06-22,22,Monday,June,2,2015
623,2015-06-23,23,Tuesday,June,2,2015
624,2015-06-24,24,Wednesday,June,2,2015
626,2015-06-26,26,Friday,June,2,2015
627,2015-06-27,27,Saturday,June,2,2015
629,2015-06-29,29,Monday,June,2,2015
630,2015-06-30,30,Tuesday,June,2,2015
631,2015-07-01,1,Wednesday,July,3,2015
632,2015-07-02,2,Thursday,July,3,2015
634,2015-07-04,4,Saturday,July,3,2015
635,2015-07-05,5,Sunday,July,3,2015
636,2015-07-06,6,Monday,July,3,2015
637,2015-07-07,7,Tuesday,July,3,2015
638,2015-07-08,8,Wednesday,July,3,2015
639,2015-07-09,9,Thursday,July,3,2015
640,2015-07-10,10,Friday,July,3,2015
641,2015-07-11,11,Saturday,July,3,2015
642,2015-07-12,12,Sunday,July,3,2015
643,2015-07-13,13,Monday,July,3,2015
645,2015-07-15,15,Wednesday,July,3,2015
647,2015-07-17,17,Friday,July,3,2015
1436,2017-09-15,15,Friday,September,3,2017
792,2015-12-09,9,Wednesday,December,4,2015
648,2015-07-18,18,Saturday,July,3,2015
649,2015-07-19,19,Sunday,July,3,2015
650,2015-07-20,20,Monday,July,3,2015
1034,2016-08-08,8,Monday,August,3,2016
1077,2016-09-20,20,Tuesday,September,3,2016
651,2015-07-21,21,Tuesday,July,3,2015
652,2015-07-22,22,Wednesday,July,3,2015
653,2015-07-23,23,Thursday,July,3,2015
654,2015-07-24,24,Friday,July,3,2015
655,2015-07-25,25,Saturday,July,3,2015
656,2015-07-26,26,Sunday,July,3,2015
658,2015-07-28,28,Tuesday,July,3,2015
806,2015-12-23,23,Wednesday,December,4,2015
660,2015-07-30,30,Thursday,July,3,2015
661,2015-07-31,31,Friday,July,3,2015
662,2015-08-01,1,Saturday,August,3,2015
1574,2018-01-31,31,Wednesday,January,1,2018
663,2015-08-02,2,Sunday,August,3,2015
664,2015-08-03,3,Monday,August,3,2015
665,2015-08-04,4,Tuesday,August,3,2015
666,2015-08-05,5,Wednesday,August,3,2015
715,2015-09-23,23,Wednesday,September,3,2015
1491,2017-11-09,9,Thursday,November,4,2017
668,2015-08-07,7,Friday,August,3,2015
669,2015-08-08,8,Saturday,August,3,2015
670,2015-08-09,9,Sunday,August,3,2015
671,2015-08-10,10,Monday,August,3,2015
672,2015-08-11,11,Tuesday,August,3,2015
1517,2017-12-05,5,Tuesday,December,4,2017
674,2015-08-13,13,Thursday,August,3,2015
891,2016-03-17,17,Thursday,March,1,2016
676,2015-08-15,15,Saturday,August,3,2015
677,2015-08-16,16,Sunday,August,3,2015
678,2015-08-17,17,Monday,August,3,2015
679,2015-08-18,18,Tuesday,August,3,2015
681,2015-08-20,20,Thursday,August,3,2015
683,2015-08-22,22,Saturday,August,3,2015
684,2015-08-23,23,Sunday,August,3,2015
685,2015-08-24,24,Monday,August,3,2015
687,2015-08-26,26,Wednesday,August,3,2015
1396,2017-08-06,6,Sunday,August,3,2017
688,2015-08-27,27,Thursday,August,3,2015
689,2015-08-28,28,Friday,August,3,2015
690,2015-08-29,29,Saturday,August,3,2015
691,2015-08-30,30,Sunday,August,3,2015
1125,2016-11-07,7,Monday,November,4,2016
1165,2016-12-17,17,Saturday,December,4,2016
694,2015-09-02,2,Wednesday,September,3,2015
695,2015-09-03,3,Thursday,September,3,2015
696,2015-09-04,4,Friday,September,3,2015
697,2015-09-05,5,Saturday,September,3,2015
698,2015-09-06,6,Sunday,September,3,2015
699,2015-09-07,7,Monday,September,3,2015
700,2015-09-08,8,Tuesday,September,3,2015
701,2015-09-09,9,Wednesday,September,3,2015
1046,2016-08-20,20,Saturday,August,3,2016
1251,2017-03-14,14,Tuesday,March,1,2017
703,2015-09-11,11,Friday,September,3,2015
704,2015-09-12,12,Saturday,September,3,2015
706,2015-09-14,14,Monday,September,3,2015
707,2015-09-15,15,Tuesday,September,3,2015
708,2015-09-16,16,Wednesday,September,3,2015
709,2015-09-17,17,Thursday,September,3,2015
710,2015-09-18,18,Friday,September,3,2015
711,2015-09-19,19,Saturday,September,3,2015
712,2015-09-20,20,Sunday,September,3,2015
1399,2017-08-09,9,Wednesday,August,3,2017
713,2015-09-21,21,Monday,September,3,2015
714,2015-09-22,22,Tuesday,September,3,2015
716,2015-09-24,24,Thursday,September,3,2015
717,2015-09-25,25,Friday,September,3,2015
718,2015-09-26,26,Saturday,September,3,2015
987,2016-06-22,22,Wednesday,June,2,2016
721,2015-09-29,29,Tuesday,September,3,2015
1277,2017-04-09,9,Sunday,April,2,2017
723,2015-10-01,1,Thursday,October,4,2015
724,2015-10-02,2,Friday,October,4,2015
1196,2017-01-17,17,Tuesday,January,1,2017
1493,2017-11-11,11,Saturday,November,4,2017
725,2015-10-03,3,Saturday,October,4,2015
729,2015-10-07,7,Wednesday,October,4,2015
730,2015-10-08,8,Thursday,October,4,2015
731,2015-10-09,9,Friday,October,4,2015
732,2015-10-10,10,Saturday,October,4,2015
733,2015-10-11,11,Sunday,October,4,2015
734,2015-10-12,12,Monday,October,4,2015
735,2015-10-13,13,Tuesday,October,4,2015
736,2015-10-14,14,Wednesday,October,4,2015
737,2015-10-15,15,Thursday,October,4,2015
738,2015-10-16,16,Friday,October,4,2015
739,2015-10-17,17,Saturday,October,4,2015
740,2015-10-18,18,Sunday,October,4,2015
1506,2017-11-24,24,Friday,November,4,2017
742,2015-10-20,20,Tuesday,October,4,2015
743,2015-10-21,21,Wednesday,October,4,2015
1008,2016-07-13,13,Wednesday,July,3,2016
1465,2017-10-14,14,Saturday,October,4,2017
744,2015-10-22,22,Thursday,October,4,2015
745,2015-10-23,23,Friday,October,4,2015
746,2015-10-24,24,Saturday,October,4,2015
747,2015-10-25,25,Sunday,October,4,2015
748,2015-10-26,26,Monday,October,4,2015
1163,2016-12-15,15,Thursday,December,4,2016
749,2015-10-27,27,Tuesday,October,4,2015
910,2016-04-05,5,Tuesday,April,2,2016
750,2015-10-28,28,Wednesday,October,4,2015
751,2015-10-29,29,Thursday,October,4,2015
752,2015-10-30,30,Friday,October,4,2015
753,2015-10-31,31,Saturday,October,4,2015
754,2015-11-01,1,Sunday,November,4,2015
755,2015-11-02,2,Monday,November,4,2015
756,2015-11-03,3,Tuesday,November,4,2015
758,2015-11-05,5,Thursday,November,4,2015
760,2015-11-07,7,Saturday,November,4,2015
761,2015-11-08,8,Sunday,November,4,2015
762,2015-11-09,9,Monday,November,4,2015
763,2015-11-10,10,Tuesday,November,4,2015
764,2015-11-11,11,Wednesday,November,4,2015
765,2015-11-12,12,Thursday,November,4,2015
767,2015-11-14,14,Saturday,November,4,2015
768,2015-11-15,15,Sunday,November,4,2015
769,2015-11-16,16,Monday,November,4,2015
771,2015-11-18,18,Wednesday,November,4,2015
772,2015-11-19,19,Thursday,November,4,2015
1121,2016-11-03,3,Thursday,November,4,2016
774,2015-11-21,21,Saturday,November,4,2015
775,2015-11-22,22,Sunday,November,4,2015
776,2015-11-23,23,Monday,November,4,2015
778,2015-11-25,25,Wednesday,November,4,2015
779,2015-11-26,26,Thursday,November,4,2015
913,2016-04-08,8,Friday,April,2,2016
967,2016-06-01,1,Wednesday,June,2,2016
1066,2016-09-09,9,Friday,September,3,2016
783,2015-11-30,30,Monday,November,4,2015
784,2015-12-01,1,Tuesday,December,4,2015
1626,2018-03-24,24,Saturday,March,1,2018
786,2015-12-03,3,Thursday,December,4,2015
805,2015-12-22,22,Tuesday,December,4,2015
787,2015-12-04,4,Friday,December,4,2015
788,2015-12-05,5,Saturday,December,4,2015
789,2015-12-06,6,Sunday,December,4,2015
791,2015-12-08,8,Tuesday,December,4,2015
795,2015-12-12,12,Saturday,December,4,2015
1467,2017-10-16,16,Monday,October,4,2017
796,2015-12-13,13,Sunday,December,4,2015
797,2015-12-14,14,Monday,December,4,2015
798,2015-12-15,15,Tuesday,December,4,2015
799,2015-12-16,16,Wednesday,December,4,2015
800,2015-12-17,17,Thursday,December,4,2015
801,2015-12-18,18,Friday,December,4,2015
802,2015-12-19,19,Saturday,December,4,2015
803,2015-12-20,20,Sunday,December,4,2015
808,2015-12-25,25,Friday,December,4,2015
809,2015-12-26,26,Saturday,December,4,2015
810,2015-12-27,27,Sunday,December,4,2015
1604,2018-03-02,2,Friday,March,1,2018
811,2015-12-28,28,Monday,December,4,2015
812,2015-12-29,29,Tuesday,December,4,2015
813,2015-12-30,30,Wednesday,December,4,2015
814,2015-12-31,31,Thursday,December,4,2015
815,2016-01-01,1,Friday,January,1,2016
816,2016-01-02,2,Saturday,January,1,2016
818,2016-01-04,4,Monday,January,1,2016
819,2016-01-05,5,Tuesday,January,1,2016
820,2016-01-06,6,Wednesday,January,1,2016
821,2016-01-07,7,Thursday,January,1,2016
822,2016-01-08,8,Friday,January,1,2016
826,2016-01-12,12,Tuesday,January,1,2016
827,2016-01-13,13,Wednesday,January,1,2016
828,2016-01-14,14,Thursday,January,1,2016
829,2016-01-15,15,Friday,January,1,2016
831,2016-01-17,17,Sunday,January,1,2016
833,2016-01-19,19,Tuesday,January,1,2016
834,2016-01-20,20,Wednesday,January,1,2016
1310,2017-05-12,12,Friday,May,2,2017
836,2016-01-22,22,Friday,January,1,2016
837,2016-01-23,23,Saturday,January,1,2016
838,2016-01-24,24,Sunday,January,1,2016
839,2016-01-25,25,Monday,January,1,2016
840,2016-01-26,26,Tuesday,January,1,2016
843,2016-01-29,29,Friday,January,1,2016
841,2016-01-27,27,Wednesday,January,1,2016
842,2016-01-28,28,Thursday,January,1,2016
845,2016-01-31,31,Sunday,January,1,2016
846,2016-02-01,1,Monday,February,1,2016
848,2016-02-03,3,Wednesday,February,1,2016
849,2016-02-04,4,Thursday,February,1,2016
850,2016-02-05,5,Friday,February,1,2016
851,2016-02-06,6,Saturday,February,1,2016
852,2016-02-07,7,Sunday,February,1,2016
1360,2017-07-01,1,Saturday,July,3,2017
855,2016-02-10,10,Wednesday,February,1,2016
856,2016-02-11,11,Thursday,February,1,2016
857,2016-02-12,12,Friday,February,1,2016
858,2016-02-13,13,Saturday,February,1,2016
859,2016-02-14,14,Sunday,February,1,2016
860,2016-02-15,15,Monday,February,1,2016
1593,2018-02-19,19,Monday,February,1,2018
1116,2016-10-29,29,Saturday,October,4,2016
861,2016-02-16,16,Tuesday,February,1,2016
862,2016-02-17,17,Wednesday,February,1,2016
863,2016-02-18,18,Thursday,February,1,2016
865,2016-02-20,20,Saturday,February,1,2016
866,2016-02-21,21,Sunday,February,1,2016
867,2016-02-22,22,Monday,February,1,2016
868,2016-02-23,23,Tuesday,February,1,2016
869,2016-02-24,24,Wednesday,February,1,2016
871,2016-02-26,26,Friday,February,1,2016
872,2016-02-27,27,Saturday,February,1,2016
873,2016-02-28,28,Sunday,February,1,2016
876,2016-03-02,2,Wednesday,March,1,2016
877,2016-03-03,3,Thursday,March,1,2016
878,2016-03-04,4,Friday,March,1,2016
879,2016-03-05,5,Saturday,March,1,2016
880,2016-03-06,6,Sunday,March,1,2016
881,2016-03-07,7,Monday,March,1,2016
1544,2018-01-01,1,Monday,January,1,2018
882,2016-03-08,8,Tuesday,March,1,2016
971,2016-06-05,5,Sunday,June,2,2016
883,2016-03-09,9,Wednesday,March,1,2016
884,2016-03-10,10,Thursday,March,1,2016
885,2016-03-11,11,Friday,March,1,2016
886,2016-03-12,12,Saturday,March,1,2016
887,2016-03-13,13,Sunday,March,1,2016
888,2016-03-14,14,Monday,March,1,2016
889,2016-03-15,15,Tuesday,March,1,2016
890,2016-03-16,16,Wednesday,March,1,2016
892,2016-03-18,18,Friday,March,1,2016
893,2016-03-19,19,Saturday,March,1,2016
894,2016-03-20,20,Sunday,March,1,2016
895,2016-03-21,21,Monday,March,1,2016
896,2016-03-22,22,Tuesday,March,1,2016
897,2016-03-23,23,Wednesday,March,1,2016
1185,2017-01-06,6,Friday,January,1,2017
1242,2017-03-05,5,Sunday,March,1,2017
898,2016-03-24,24,Thursday,March,1,2016
900,2016-03-26,26,Saturday,March,1,2016
902,2016-03-28,28,Monday,March,1,2016
903,2016-03-29,29,Tuesday,March,1,2016
905,2016-03-31,31,Thursday,March,1,2016
907,2016-04-02,2,Saturday,April,2,2016
908,2016-04-03,3,Sunday,April,2,2016
1405,2017-08-15,15,Tuesday,August,3,2017
911,2016-04-06,6,Wednesday,April,2,2016
912,2016-04-07,7,Thursday,April,2,2016
914,2016-04-09,9,Saturday,April,2,2016
915,2016-04-10,10,Sunday,April,2,2016
916,2016-04-11,11,Monday,April,2,2016
919,2016-04-14,14,Thursday,April,2,2016
921,2016-04-16,16,Saturday,April,2,2016
922,2016-04-17,17,Sunday,April,2,2016
923,2016-04-18,18,Monday,April,2,2016
1056,2016-08-30,30,Tuesday,August,3,2016
924,2016-04-19,19,Tuesday,April,2,2016
925,2016-04-20,20,Wednesday,April,2,2016
830,2016-01-16,16,Saturday,January,1,2016
927,2016-04-22,22,Friday,April,2,2016
928,2016-04-23,23,Saturday,April,2,2016
929,2016-04-24,24,Sunday,April,2,2016
931,2016-04-26,26,Tuesday,April,2,2016
1313,2017-05-15,15,Monday,May,2,2017
932,2016-04-27,27,Wednesday,April,2,2016
933,2016-04-28,28,Thursday,April,2,2016
935,2016-04-30,30,Saturday,April,2,2016
937,2016-05-02,2,Monday,May,2,2016
939,2016-05-04,4,Wednesday,May,2,2016
940,2016-05-05,5,Thursday,May,2,2016
941,2016-05-06,6,Friday,May,2,2016
973,2016-06-07,7,Tuesday,June,2,2016
942,2016-05-07,7,Saturday,May,2,2016
944,2016-05-09,9,Monday,May,2,2016
946,2016-05-11,11,Wednesday,May,2,2016
947,2016-05-12,12,Thursday,May,2,2016
948,2016-05-13,13,Friday,May,2,2016
1453,2017-10-02,2,Monday,October,4,2017
951,2016-05-16,16,Monday,May,2,2016
952,2016-05-17,17,Tuesday,May,2,2016
1425,2017-09-04,4,Monday,September,3,2017
954,2016-05-19,19,Thursday,May,2,2016
1327,2017-05-29,29,Monday,May,2,2017
955,2016-05-20,20,Friday,May,2,2016
1321,2017-05-23,23,Tuesday,May,2,2017
1054,2016-08-28,28,Sunday,August,3,2016
1239,2017-03-02,2,Thursday,March,1,2017
957,2016-05-22,22,Sunday,May,2,2016
959,2016-05-24,24,Tuesday,May,2,2016
960,2016-05-25,25,Wednesday,May,2,2016
1182,2017-01-03,3,Tuesday,January,1,2017
961,2016-05-26,26,Thursday,May,2,2016
962,2016-05-27,27,Friday,May,2,2016
963,2016-05-28,28,Saturday,May,2,2016
964,2016-05-29,29,Sunday,May,2,2016
965,2016-05-30,30,Monday,May,2,2016
968,2016-06-02,2,Thursday,June,2,2016
970,2016-06-04,4,Saturday,June,2,2016
972,2016-06-06,6,Monday,June,2,2016
976,2016-06-10,10,Friday,June,2,2016
978,2016-06-12,12,Sunday,June,2,2016
979,2016-06-13,13,Monday,June,2,2016
1614,2018-03-12,12,Monday,March,1,2018
980,2016-06-14,14,Tuesday,June,2,2016
981,2016-06-15,15,Wednesday,June,2,2016
1471,2017-10-20,20,Friday,October,4,2017
982,2016-06-16,16,Thursday,June,2,2016
983,2016-06-18,18,Saturday,June,2,2016
984,2016-06-19,19,Sunday,June,2,2016
985,2016-06-20,20,Monday,June,2,2016
986,2016-06-21,21,Tuesday,June,2,2016
989,2016-06-24,24,Friday,June,2,2016
1023,2016-07-28,28,Thursday,July,3,2016
1283,2017-04-15,15,Saturday,April,2,2017
991,2016-06-26,26,Sunday,June,2,2016
992,2016-06-27,27,Monday,June,2,2016
993,2016-06-28,28,Tuesday,June,2,2016
994,2016-06-29,29,Wednesday,June,2,2016
995,2016-06-30,30,Thursday,June,2,2016
996,2016-07-01,1,Friday,July,3,2016
998,2016-07-03,3,Sunday,July,3,2016
505,2015-02-24,24,Tuesday,February,1,2015
1270,2017-04-02,2,Sunday,April,2,2017
1000,2016-07-05,5,Tuesday,July,3,2016
1004,2016-07-09,9,Saturday,July,3,2016
1005,2016-07-10,10,Sunday,July,3,2016
1440,2017-09-19,19,Tuesday,September,3,2017
1006,2016-07-11,11,Monday,July,3,2016
1007,2016-07-12,12,Tuesday,July,3,2016
1009,2016-07-14,14,Thursday,July,3,2016
1011,2016-07-16,16,Saturday,July,3,2016
1092,2016-10-05,5,Wednesday,October,4,2016
1012,2016-07-17,17,Sunday,July,3,2016
1013,2016-07-18,18,Monday,July,3,2016
1014,2016-07-19,19,Tuesday,July,3,2016
1015,2016-07-20,20,Wednesday,July,3,2016
1132,2016-11-14,14,Monday,November,4,2016
1016,2016-07-21,21,Thursday,July,3,2016
1017,2016-07-22,22,Friday,July,3,2016
1018,2016-07-23,23,Saturday,July,3,2016
1019,2016-07-24,24,Sunday,July,3,2016
1076,2016-09-19,19,Monday,September,3,2016
1020,2016-07-25,25,Monday,July,3,2016
1127,2016-11-09,9,Wednesday,November,4,2016
1021,2016-07-26,26,Tuesday,July,3,2016
1022,2016-07-27,27,Wednesday,July,3,2016
1024,2016-07-29,29,Friday,July,3,2016
1025,2016-07-30,30,Saturday,July,3,2016
1026,2016-07-31,31,Sunday,July,3,2016
1027,2016-08-01,1,Monday,August,3,2016
1028,2016-08-02,2,Tuesday,August,3,2016
1029,2016-08-03,3,Wednesday,August,3,2016
600,2015-05-31,31,Sunday,May,2,2015
1030,2016-08-04,4,Thursday,August,3,2016
1032,2016-08-06,6,Saturday,August,3,2016
1033,2016-08-07,7,Sunday,August,3,2016
1128,2016-11-10,10,Thursday,November,4,2016
1035,2016-08-09,9,Tuesday,August,3,2016
1384,2017-07-25,25,Tuesday,July,3,2017
1037,2016-08-11,11,Thursday,August,3,2016
1315,2017-05-17,17,Wednesday,May,2,2017
1039,2016-08-13,13,Saturday,August,3,2016
1040,2016-08-14,14,Sunday,August,3,2016
1041,2016-08-15,15,Monday,August,3,2016
1043,2016-08-17,17,Wednesday,August,3,2016
1045,2016-08-19,19,Friday,August,3,2016
1538,2017-12-26,26,Tuesday,December,4,2017
1047,2016-08-21,21,Sunday,August,3,2016
1048,2016-08-22,22,Monday,August,3,2016
1052,2016-08-26,26,Friday,August,3,2016
1053,2016-08-27,27,Saturday,August,3,2016
1055,2016-08-29,29,Monday,August,3,2016
1619,2018-03-17,17,Saturday,March,1,2018
1057,2016-08-31,31,Wednesday,August,3,2016
1058,2016-09-01,1,Thursday,September,3,2016
1060,2016-09-03,3,Saturday,September,3,2016
1061,2016-09-04,4,Sunday,September,3,2016
1062,2016-09-05,5,Monday,September,3,2016
1063,2016-09-06,6,Tuesday,September,3,2016
1064,2016-09-07,7,Wednesday,September,3,2016
1065,2016-09-08,8,Thursday,September,3,2016
1067,2016-09-10,10,Saturday,September,3,2016
1068,2016-09-11,11,Sunday,September,3,2016
1069,2016-09-12,12,Monday,September,3,2016
1070,2016-09-13,13,Tuesday,September,3,2016
1071,2016-09-14,14,Wednesday,September,3,2016
1072,2016-09-15,15,Thursday,September,3,2016
1073,2016-09-16,16,Friday,September,3,2016
1528,2017-12-16,16,Saturday,December,4,2017
1078,2016-09-21,21,Wednesday,September,3,2016
1079,2016-09-22,22,Thursday,September,3,2016
1080,2016-09-23,23,Friday,September,3,2016
1489,2017-11-07,7,Tuesday,November,4,2017
1082,2016-09-25,25,Sunday,September,3,2016
1084,2016-09-27,27,Tuesday,September,3,2016
1085,2016-09-28,28,Wednesday,September,3,2016
1087,2016-09-30,30,Friday,September,3,2016
1088,2016-10-01,1,Saturday,October,4,2016
1089,2016-10-02,2,Sunday,October,4,2016
1091,2016-10-04,4,Tuesday,October,4,2016
1093,2016-10-06,6,Thursday,October,4,2016
1095,2016-10-08,8,Saturday,October,4,2016
1096,2016-10-09,9,Sunday,October,4,2016
1097,2016-10-10,10,Monday,October,4,2016
1098,2016-10-11,11,Tuesday,October,4,2016
1099,2016-10-12,12,Wednesday,October,4,2016
1100,2016-10-13,13,Thursday,October,4,2016
1101,2016-10-14,14,Friday,October,4,2016
1102,2016-10-15,15,Saturday,October,4,2016
1104,2016-10-17,17,Monday,October,4,2016
1105,2016-10-18,18,Tuesday,October,4,2016
1106,2016-10-19,19,Wednesday,October,4,2016
1107,2016-10-20,20,Thursday,October,4,2016
1108,2016-10-21,21,Friday,October,4,2016
1109,2016-10-22,22,Saturday,October,4,2016
1110,2016-10-23,23,Sunday,October,4,2016
1281,2017-04-13,13,Thursday,April,2,2017
1111,2016-10-24,24,Monday,October,4,2016
1112,2016-10-25,25,Tuesday,October,4,2016
1113,2016-10-26,26,Wednesday,October,4,2016
1114,2016-10-27,27,Thursday,October,4,2016
1118,2016-10-31,31,Monday,October,4,2016
1120,2016-11-02,2,Wednesday,November,4,2016
1585,2018-02-11,11,Sunday,February,1,2018
1122,2016-11-04,4,Friday,November,4,2016
1123,2016-11-05,5,Saturday,November,4,2016
1124,2016-11-06,6,Sunday,November,4,2016
1126,2016-11-08,8,Tuesday,November,4,2016
1129,2016-11-11,11,Friday,November,4,2016
1130,2016-11-12,12,Saturday,November,4,2016
1131,2016-11-13,13,Sunday,November,4,2016
1134,2016-11-16,16,Wednesday,November,4,2016
1438,2017-09-17,17,Sunday,September,3,2017
1393,2017-08-03,3,Thursday,August,3,2017
1136,2016-11-18,18,Friday,November,4,2016
1137,2016-11-19,19,Saturday,November,4,2016
1139,2016-11-21,21,Monday,November,4,2016
1622,2018-03-20,20,Tuesday,March,1,2018
1142,2016-11-24,24,Thursday,November,4,2016
1143,2016-11-25,25,Friday,November,4,2016
1145,2016-11-27,27,Sunday,November,4,2016
1146,2016-11-28,28,Monday,November,4,2016
1147,2016-11-29,29,Tuesday,November,4,2016
1150,2016-12-02,2,Friday,December,4,2016
1151,2016-12-03,3,Saturday,December,4,2016
1152,2016-12-04,4,Sunday,December,4,2016
1153,2016-12-05,5,Monday,December,4,2016
1154,2016-12-06,6,Tuesday,December,4,2016
1415,2017-08-25,25,Friday,August,3,2017
1537,2017-12-25,25,Monday,December,4,2017
1156,2016-12-08,8,Thursday,December,4,2016
1157,2016-12-09,9,Friday,December,4,2016
1158,2016-12-10,10,Saturday,December,4,2016
1159,2016-12-11,11,Sunday,December,4,2016
1160,2016-12-12,12,Monday,December,4,2016
1161,2016-12-13,13,Tuesday,December,4,2016
1162,2016-12-14,14,Wednesday,December,4,2016
1172,2016-12-24,24,Saturday,December,4,2016
1164,2016-12-16,16,Friday,December,4,2016
1433,2017-09-12,12,Tuesday,September,3,2017
1166,2016-12-18,18,Sunday,December,4,2016
1168,2016-12-20,20,Tuesday,December,4,2016
1169,2016-12-21,21,Wednesday,December,4,2016
1170,2016-12-22,22,Thursday,December,4,2016
1171,2016-12-23,23,Friday,December,4,2016
1173,2016-12-25,25,Sunday,December,4,2016
1174,2016-12-26,26,Monday,December,4,2016
1175,2016-12-27,27,Tuesday,December,4,2016
1176,2016-12-28,28,Wednesday,December,4,2016
1177,2016-12-29,29,Thursday,December,4,2016
1178,2016-12-30,30,Friday,December,4,2016
1179,2016-12-31,31,Saturday,December,4,2016
1183,2017-01-04,4,Wednesday,January,1,2017
1184,2017-01-05,5,Thursday,January,1,2017
1186,2017-01-07,7,Saturday,January,1,2017
1187,2017-01-08,8,Sunday,January,1,2017
1189,2017-01-10,10,Tuesday,January,1,2017
1190,2017-01-11,11,Wednesday,January,1,2017
1191,2017-01-12,12,Thursday,January,1,2017
1192,2017-01-13,13,Friday,January,1,2017
1194,2017-01-15,15,Sunday,January,1,2017
1195,2017-01-16,16,Monday,January,1,2017
1198,2017-01-19,19,Thursday,January,1,2017
1199,2017-01-20,20,Friday,January,1,2017
1200,2017-01-21,21,Saturday,January,1,2017
1201,2017-01-22,22,Sunday,January,1,2017
1202,2017-01-23,23,Monday,January,1,2017
1203,2017-01-25,25,Wednesday,January,1,2017
1204,2017-01-26,26,Thursday,January,1,2017
1207,2017-01-29,29,Sunday,January,1,2017
1208,2017-01-30,30,Monday,January,1,2017
1210,2017-02-01,1,Wednesday,February,1,2017
1213,2017-02-04,4,Saturday,February,1,2017
1216,2017-02-07,7,Tuesday,February,1,2017
1347,2017-06-18,18,Sunday,June,2,2017
1217,2017-02-08,8,Wednesday,February,1,2017
1218,2017-02-09,9,Thursday,February,1,2017
1424,2017-09-03,3,Sunday,September,3,2017
1220,2017-02-11,11,Saturday,February,1,2017
1221,2017-02-12,12,Sunday,February,1,2017
1222,2017-02-13,13,Monday,February,1,2017
1223,2017-02-14,14,Tuesday,February,1,2017
1224,2017-02-15,15,Wednesday,February,1,2017
1226,2017-02-17,17,Friday,February,1,2017
1227,2017-02-18,18,Saturday,February,1,2017
1228,2017-02-19,19,Sunday,February,1,2017
1557,2018-01-14,14,Sunday,January,1,2018
1230,2017-02-21,21,Tuesday,February,1,2017
1231,2017-02-22,22,Wednesday,February,1,2017
1233,2017-02-24,24,Friday,February,1,2017
1234,2017-02-25,25,Saturday,February,1,2017
1235,2017-02-26,26,Sunday,February,1,2017
1236,2017-02-27,27,Monday,February,1,2017
1569,2018-01-26,26,Friday,January,1,2018
1566,2018-01-23,23,Tuesday,January,1,2018
1248,2017-03-11,11,Saturday,March,1,2017
1344,2017-06-15,15,Thursday,June,2,2017
1240,2017-03-03,3,Friday,March,1,2017
1241,2017-03-04,4,Saturday,March,1,2017
1385,2017-07-26,26,Wednesday,July,3,2017
1243,2017-03-06,6,Monday,March,1,2017
1244,2017-03-07,7,Tuesday,March,1,2017
1246,2017-03-09,9,Thursday,March,1,2017
1395,2017-08-05,5,Saturday,August,3,2017
1249,2017-03-12,12,Sunday,March,1,2017
1250,2017-03-13,13,Monday,March,1,2017
1529,2017-12-17,17,Sunday,December,4,2017
1212,2017-02-03,3,Friday,February,1,2017
1252,2017-03-15,15,Wednesday,March,1,2017
1253,2017-03-16,16,Thursday,March,1,2017
1254,2017-03-17,17,Friday,March,1,2017
1255,2017-03-18,18,Saturday,March,1,2017
1256,2017-03-19,19,Sunday,March,1,2017
1257,2017-03-20,20,Monday,March,1,2017
1258,2017-03-21,21,Tuesday,March,1,2017
1259,2017-03-22,22,Wednesday,March,1,2017
1260,2017-03-23,23,Thursday,March,1,2017
1485,2017-11-03,3,Friday,November,4,2017
1261,2017-03-24,24,Friday,March,1,2017
1263,2017-03-26,26,Sunday,March,1,2017
1264,2017-03-27,27,Monday,March,1,2017
1265,2017-03-28,28,Tuesday,March,1,2017
1266,2017-03-29,29,Wednesday,March,1,2017
1267,2017-03-30,30,Thursday,March,1,2017
1269,2017-04-01,1,Saturday,April,2,2017
1271,2017-04-03,3,Monday,April,2,2017
1272,2017-04-04,4,Tuesday,April,2,2017
1273,2017-04-05,5,Wednesday,April,2,2017
1274,2017-04-06,6,Thursday,April,2,2017
1276,2017-04-08,8,Saturday,April,2,2017
1279,2017-04-11,11,Tuesday,April,2,2017
1280,2017-04-12,12,Wednesday,April,2,2017
1282,2017-04-14,14,Friday,April,2,2017
1284,2017-04-16,16,Sunday,April,2,2017
1285,2017-04-17,17,Monday,April,2,2017
1287,2017-04-19,19,Wednesday,April,2,2017
1472,2017-10-21,21,Saturday,October,4,2017
1288,2017-04-20,20,Thursday,April,2,2017
1289,2017-04-21,21,Friday,April,2,2017
1290,2017-04-22,22,Saturday,April,2,2017
1292,2017-04-24,24,Monday,April,2,2017
1294,2017-04-26,26,Wednesday,April,2,2017
1296,2017-04-28,28,Friday,April,2,2017
1546,2018-01-03,3,Wednesday,January,1,2018
1297,2017-04-29,29,Saturday,April,2,2017
1298,2017-04-30,30,Sunday,April,2,2017
1299,2017-05-01,1,Monday,May,2,2017
1300,2017-05-02,2,Tuesday,May,2,2017
1301,2017-05-03,3,Wednesday,May,2,2017
1302,2017-05-04,4,Thursday,May,2,2017
1303,2017-05-05,5,Friday,May,2,2017
1304,2017-05-06,6,Saturday,May,2,2017
1305,2017-05-07,7,Sunday,May,2,2017
1306,2017-05-08,8,Monday,May,2,2017
1307,2017-05-09,9,Tuesday,May,2,2017
1308,2017-05-10,10,Wednesday,May,2,2017
1311,2017-05-13,13,Saturday,May,2,2017
1312,2017-05-14,14,Sunday,May,2,2017
1314,2017-05-16,16,Tuesday,May,2,2017
1316,2017-05-18,18,Thursday,May,2,2017
1317,2017-05-19,19,Friday,May,2,2017
1318,2017-05-20,20,Saturday,May,2,2017
1319,2017-05-21,21,Sunday,May,2,2017
1592,2018-02-18,18,Sunday,February,1,2018
1320,2017-05-22,22,Monday,May,2,2017
1322,2017-05-24,24,Wednesday,May,2,2017
1323,2017-05-25,25,Thursday,May,2,2017
1324,2017-05-26,26,Friday,May,2,2017
1451,2017-09-30,30,Saturday,September,3,2017
1325,2017-05-27,27,Saturday,May,2,2017
1326,2017-05-28,28,Sunday,May,2,2017
1328,2017-05-30,30,Tuesday,May,2,2017
1329,2017-05-31,31,Wednesday,May,2,2017
1330,2017-06-01,1,Thursday,June,2,2017
1331,2017-06-02,2,Friday,June,2,2017
1332,2017-06-03,3,Saturday,June,2,2017
1333,2017-06-04,4,Sunday,June,2,2017
1334,2017-06-05,5,Monday,June,2,2017
1336,2017-06-07,7,Wednesday,June,2,2017
1337,2017-06-08,8,Thursday,June,2,2017
1338,2017-06-09,9,Friday,June,2,2017
1339,2017-06-10,10,Saturday,June,2,2017
1340,2017-06-11,11,Sunday,June,2,2017
1341,2017-06-12,12,Monday,June,2,2017
1357,2017-06-28,28,Wednesday,June,2,2017
1342,2017-06-13,13,Tuesday,June,2,2017
1345,2017-06-16,16,Friday,June,2,2017
1346,2017-06-17,17,Saturday,June,2,2017
1348,2017-06-19,19,Monday,June,2,2017
1349,2017-06-20,20,Tuesday,June,2,2017
1350,2017-06-21,21,Wednesday,June,2,2017
1351,2017-06-22,22,Thursday,June,2,2017
1352,2017-06-23,23,Friday,June,2,2017
1353,2017-06-24,24,Saturday,June,2,2017
1584,2018-02-10,10,Saturday,February,1,2018
1354,2017-06-25,25,Sunday,June,2,2017
1355,2017-06-26,26,Monday,June,2,2017
1356,2017-06-27,27,Tuesday,June,2,2017
1359,2017-06-30,30,Friday,June,2,2017
1361,2017-07-02,2,Sunday,July,3,2017
1362,2017-07-03,3,Monday,July,3,2017
1363,2017-07-04,4,Tuesday,July,3,2017
1364,2017-07-05,5,Wednesday,July,3,2017
1488,2017-11-06,6,Monday,November,4,2017
1365,2017-07-06,6,Thursday,July,3,2017
1512,2017-11-30,30,Thursday,November,4,2017
1366,2017-07-07,7,Friday,July,3,2017
1573,2018-01-30,30,Tuesday,January,1,2018
1367,2017-07-08,8,Saturday,July,3,2017
1368,2017-07-09,9,Sunday,July,3,2017
1369,2017-07-10,10,Monday,July,3,2017
1370,2017-07-11,11,Tuesday,July,3,2017
1371,2017-07-12,12,Wednesday,July,3,2017
1372,2017-07-13,13,Thursday,July,3,2017
1374,2017-07-15,15,Saturday,July,3,2017
1375,2017-07-16,16,Sunday,July,3,2017
1376,2017-07-17,17,Monday,July,3,2017
1377,2017-07-18,18,Tuesday,July,3,2017
1379,2017-07-20,20,Thursday,July,3,2017
1402,2017-08-12,12,Saturday,August,3,2017
1382,2017-07-23,23,Sunday,July,3,2017
1383,2017-07-24,24,Monday,July,3,2017
1386,2017-07-27,27,Thursday,July,3,2017
1388,2017-07-29,29,Saturday,July,3,2017
1389,2017-07-30,30,Sunday,July,3,2017
1390,2017-07-31,31,Monday,July,3,2017
1391,2017-08-01,1,Tuesday,August,3,2017
1398,2017-08-08,8,Tuesday,August,3,2017
1400,2017-08-10,10,Thursday,August,3,2017
1403,2017-08-13,13,Sunday,August,3,2017
1404,2017-08-14,14,Monday,August,3,2017
1407,2017-08-17,17,Thursday,August,3,2017
1408,2017-08-18,18,Friday,August,3,2017
1409,2017-08-19,19,Saturday,August,3,2017
1410,2017-08-20,20,Sunday,August,3,2017
1411,2017-08-21,21,Monday,August,3,2017
1412,2017-08-22,22,Tuesday,August,3,2017
1413,2017-08-23,23,Wednesday,August,3,2017
1414,2017-08-24,24,Thursday,August,3,2017
1416,2017-08-26,26,Saturday,August,3,2017
1473,2017-10-22,22,Sunday,October,4,2017
1417,2017-08-27,27,Sunday,August,3,2017
1418,2017-08-28,28,Monday,August,3,2017
1419,2017-08-29,29,Tuesday,August,3,2017
1420,2017-08-30,30,Wednesday,August,3,2017
1421,2017-08-31,31,Thursday,August,3,2017
1422,2017-09-01,1,Friday,September,3,2017
1423,2017-09-02,2,Saturday,September,3,2017
1426,2017-09-05,5,Tuesday,September,3,2017
1428,2017-09-07,7,Thursday,September,3,2017
1429,2017-09-08,8,Friday,September,3,2017
1431,2017-09-10,10,Sunday,September,3,2017
1432,2017-09-11,11,Monday,September,3,2017
1434,2017-09-13,13,Wednesday,September,3,2017
1435,2017-09-14,14,Thursday,September,3,2017
1437,2017-09-16,16,Saturday,September,3,2017
1439,2017-09-18,18,Monday,September,3,2017
1540,2017-12-28,28,Thursday,December,4,2017
1441,2017-09-20,20,Wednesday,September,3,2017
1442,2017-09-21,21,Thursday,September,3,2017
391,2014-11-02,2,Sunday,November,4,2014
1443,2017-09-22,22,Friday,September,3,2017
1444,2017-09-23,23,Saturday,September,3,2017
1445,2017-09-24,24,Sunday,September,3,2017
1446,2017-09-25,25,Monday,September,3,2017
1447,2017-09-26,26,Tuesday,September,3,2017
1448,2017-09-27,27,Wednesday,September,3,2017
1449,2017-09-28,28,Thursday,September,3,2017
1450,2017-09-29,29,Friday,September,3,2017
1452,2017-10-01,1,Sunday,October,4,2017
1454,2017-10-03,3,Tuesday,October,4,2017
1455,2017-10-04,4,Wednesday,October,4,2017
1476,2017-10-25,25,Wednesday,October,4,2017
1456,2017-10-05,5,Thursday,October,4,2017
1458,2017-10-07,7,Saturday,October,4,2017
1459,2017-10-08,8,Sunday,October,4,2017
1461,2017-10-10,10,Tuesday,October,4,2017
1463,2017-10-12,12,Thursday,October,4,2017
1464,2017-10-13,13,Friday,October,4,2017
1466,2017-10-15,15,Sunday,October,4,2017
1468,2017-10-17,17,Tuesday,October,4,2017
1470,2017-10-19,19,Thursday,October,4,2017
1474,2017-10-23,23,Monday,October,4,2017
1475,2017-10-24,24,Tuesday,October,4,2017
1477,2017-10-26,26,Thursday,October,4,2017
1478,2017-10-27,27,Friday,October,4,2017
1479,2017-10-28,28,Saturday,October,4,2017
1480,2017-10-29,29,Sunday,October,4,2017
1481,2017-10-30,30,Monday,October,4,2017
1482,2017-10-31,31,Tuesday,October,4,2017
1484,2017-11-02,2,Thursday,November,4,2017
1486,2017-11-04,4,Saturday,November,4,2017
1487,2017-11-05,5,Sunday,November,4,2017
1625,2018-03-23,23,Friday,March,1,2018
1490,2017-11-08,8,Wednesday,November,4,2017
1492,2017-11-10,10,Friday,November,4,2017
1495,2017-11-13,13,Monday,November,4,2017
1496,2017-11-14,14,Tuesday,November,4,2017
1498,2017-11-16,16,Thursday,November,4,2017
1499,2017-11-17,17,Friday,November,4,2017
1500,2017-11-18,18,Saturday,November,4,2017
1501,2017-11-19,19,Sunday,November,4,2017
1502,2017-11-20,20,Monday,November,4,2017
1503,2017-11-21,21,Tuesday,November,4,2017
1504,2017-11-22,22,Wednesday,November,4,2017
1505,2017-11-23,23,Thursday,November,4,2017
1507,2017-11-25,25,Saturday,November,4,2017
1508,2017-11-26,26,Sunday,November,4,2017
1510,2017-11-28,28,Tuesday,November,4,2017
1511,2017-11-29,29,Wednesday,November,4,2017
1513,2017-12-01,1,Friday,December,4,2017
1514,2017-12-02,2,Saturday,December,4,2017
1516,2017-12-04,4,Monday,December,4,2017
1518,2017-12-06,6,Wednesday,December,4,2017
1519,2017-12-07,7,Thursday,December,4,2017
1520,2017-12-08,8,Friday,December,4,2017
1521,2017-12-09,9,Saturday,December,4,2017
1523,2017-12-11,11,Monday,December,4,2017
1524,2017-12-12,12,Tuesday,December,4,2017
1525,2017-12-13,13,Wednesday,December,4,2017
1526,2017-12-14,14,Thursday,December,4,2017
1527,2017-12-15,15,Friday,December,4,2017
1530,2017-12-18,18,Monday,December,4,2017
1531,2017-12-19,19,Tuesday,December,4,2017
1532,2017-12-20,20,Wednesday,December,4,2017
1533,2017-12-21,21,Thursday,December,4,2017
1534,2017-12-22,22,Friday,December,4,2017
1535,2017-12-23,23,Saturday,December,4,2017
1536,2017-12-24,24,Sunday,December,4,2017
1539,2017-12-27,27,Wednesday,December,4,2017
1541,2017-12-29,29,Friday,December,4,2017
1542,2017-12-30,30,Saturday,December,4,2017
1543,2017-12-31,31,Sunday,December,4,2017
1545,2018-01-02,2,Tuesday,January,1,2018
1547,2018-01-04,4,Thursday,January,1,2018
1548,2018-01-05,5,Friday,January,1,2018
1549,2018-01-06,6,Saturday,January,1,2018
1550,2018-01-07,7,Sunday,January,1,2018
1551,2018-01-08,8,Monday,January,1,2018
1552,2018-01-09,9,Tuesday,January,1,2018
1553,2018-01-10,10,Wednesday,January,1,2018
171,2014-03-27,27,Thursday,March,1,2014
1554,2018-01-11,11,Thursday,January,1,2018
1555,2018-01-12,12,Friday,January,1,2018
1556,2018-01-13,13,Saturday,January,1,2018
1559,2018-01-16,16,Tuesday,January,1,2018
1560,2018-01-17,17,Wednesday,January,1,2018
1561,2018-01-18,18,Thursday,January,1,2018
1562,2018-01-19,19,Friday,January,1,2018
1563,2018-01-20,20,Saturday,January,1,2018
1564,2018-01-21,21,Sunday,January,1,2018
1565,2018-01-22,22,Monday,January,1,2018
1567,2018-01-24,24,Wednesday,January,1,2018
1568,2018-01-25,25,Thursday,January,1,2018
1570,2018-01-27,27,Saturday,January,1,2018
1571,2018-01-28,28,Sunday,January,1,2018
1572,2018-01-29,29,Monday,January,1,2018
1576,2018-02-02,2,Friday,February,1,2018
1579,2018-02-05,5,Monday,February,1,2018
1581,2018-02-07,7,Wednesday,February,1,2018
1583,2018-02-09,9,Friday,February,1,2018
1586,2018-02-12,12,Monday,February,1,2018
1587,2018-02-13,13,Tuesday,February,1,2018
1591,2018-02-17,17,Saturday,February,1,2018
1588,2018-02-14,14,Wednesday,February,1,2018
1589,2018-02-15,15,Thursday,February,1,2018
1590,2018-02-16,16,Friday,February,1,2018
1594,2018-02-20,20,Tuesday,February,1,2018
1596,2018-02-22,22,Thursday,February,1,2018
1597,2018-02-23,23,Friday,February,1,2018
1598,2018-02-24,24,Saturday,February,1,2018
1599,2018-02-25,25,Sunday,February,1,2018
1600,2018-02-26,26,Monday,February,1,2018
1601,2018-02-27,27,Tuesday,February,1,2018
1602,2018-02-28,28,Wednesday,February,1,2018
1603,2018-03-01,1,Thursday,March,1,2018
1605,2018-03-03,3,Saturday,March,1,2018
1606,2018-03-04,4,Sunday,March,1,2018
1607,2018-03-05,5,Monday,March,1,2018
1608,2018-03-06,6,Tuesday,March,1,2018
1609,2018-03-07,7,Wednesday,March,1,2018
1611,2018-03-09,9,Friday,March,1,2018
1612,2018-03-10,10,Saturday,March,1,2018
1613,2018-03-11,11,Sunday,March,1,2018
1615,2018-03-13,13,Tuesday,March,1,2018
1616,2018-03-14,14,Wednesday,March,1,2018
1617,2018-03-15,15,Thursday,March,1,2018
1618,2018-03-16,16,Friday,March,1,2018
1620,2018-03-18,18,Sunday,March,1,2018
1621,2018-03-19,19,Monday,March,1,2018
1623,2018-03-21,21,Wednesday,March,1,2018
1624,2018-03-22,22,Thursday,March,1,2018
1627,2018-03-25,25,Sunday,March,1,2018
1628,2018-03-26,26,Monday,March,1,2018
1629,2018-03-27,27,Tuesday,March,1,2018
1630,2018-03-28,28,Wednesday,March,1,2018
1632,2018-03-30,30,Friday,March,1,2018
98,2014-01-13,13,Monday,January,1,2014
107,2014-01-22,22,Wednesday,January,1,2014
161,2014-03-17,17,Monday,March,1,2014
188,2014-04-13,13,Sunday,April,2,2014
230,2014-05-25,25,Sunday,May,2,2014
295,2014-07-29,29,Tuesday,July,3,2014
296,2014-07-30,30,Wednesday,July,3,2014
308,2014-08-11,11,Monday,August,3,2014
316,2014-08-19,19,Tuesday,August,3,2014
339,2014-09-11,11,Thursday,September,3,2014
341,2014-09-13,13,Saturday,September,3,2014
356,2014-09-28,28,Sunday,September,3,2014
365,2014-10-07,7,Tuesday,October,4,2014
370,2014-10-12,12,Sunday,October,4,2014
372,2014-10-14,14,Tuesday,October,4,2014
385,2014-10-27,27,Monday,October,4,2014
388,2014-10-30,30,Thursday,October,4,2014
424,2014-12-05,5,Friday,December,4,2014
434,2014-12-15,15,Monday,December,4,2014
499,2015-02-18,18,Wednesday,February,1,2015
523,2015-03-14,14,Saturday,March,1,2015
538,2015-03-29,29,Sunday,March,1,2015
579,2015-05-10,10,Sunday,May,2,2015
904,2016-03-30,30,Wednesday,March,1,2016
966,2016-05-31,31,Tuesday,May,2,2016
349,2014-09-21,21,Sunday,September,3,2014
1117,2016-10-30,30,Sunday,October,4,2016
1247,2017-03-10,10,Friday,March,1,2017
1291,2017-04-23,23,Sunday,April,2,2017
1406,2017-08-16,16,Wednesday,August,3,2017
1497,2017-11-15,15,Wednesday,November,4,2017
1515,2017-12-03,3,Sunday,December,4,2017
1522,2017-12-10,10,Sunday,December,4,2017
30,2013-05-16,16,Thursday,May,2,2013
150,2014-03-06,6,Thursday,March,1,2014
181,2014-04-06,6,Sunday,April,2,2014
184,2014-04-09,9,Wednesday,April,2,2014
197,2014-04-22,22,Tuesday,April,2,2014
200,2014-04-25,25,Friday,April,2,2014
229,2014-05-24,24,Saturday,May,2,2014
248,2014-06-12,12,Thursday,June,2,2014
263,2014-06-27,27,Friday,June,2,2014
264,2014-06-28,28,Saturday,June,2,2014
360,2014-10-02,2,Thursday,October,4,2014
421,2014-12-02,2,Tuesday,December,4,2014
519,2015-03-10,10,Tuesday,March,1,2015
526,2015-03-17,17,Tuesday,March,1,2015
583,2015-05-14,14,Thursday,May,2,2015
618,2015-06-18,18,Thursday,June,2,2015
633,2015-07-03,3,Friday,July,3,2015
741,2015-10-19,19,Monday,October,4,2015
870,2016-02-25,25,Thursday,February,1,2016
901,2016-03-27,27,Sunday,March,1,2016
936,2016-05-01,1,Sunday,May,2,2016
990,2016-06-25,25,Saturday,June,2,2016
999,2016-07-04,4,Monday,July,3,2016
1090,2016-10-03,3,Monday,October,4,2016
1103,2016-10-16,16,Sunday,October,4,2016
186,2014-04-11,11,Friday,April,2,2014
1229,2017-02-20,20,Monday,February,1,2017
163,2014-03-19,19,Wednesday,March,1,2014
309,2014-08-12,12,Tuesday,August,3,2014
441,2014-12-22,22,Monday,December,4,2014
543,2015-04-03,3,Friday,April,2,2015
611,2015-06-11,11,Thursday,June,2,2015
675,2015-08-14,14,Friday,August,3,2015
1036,2016-08-10,10,Wednesday,August,3,2016
1275,2017-04-07,7,Friday,April,2,2017
403,2014-11-14,14,Friday,November,4,2014
702,2015-09-10,10,Thursday,September,3,2015
96,2014-01-11,11,Saturday,January,1,2014
117,2014-02-01,1,Saturday,February,1,2014
189,2014-04-14,14,Monday,April,2,2014
223,2014-05-18,18,Sunday,May,2,2014
364,2014-10-06,6,Monday,October,4,2014
427,2014-12-08,8,Monday,December,4,2014
934,2016-04-29,29,Friday,April,2,2016
413,2014-11-24,24,Monday,November,4,2014
1577,2018-02-03,3,Saturday,February,1,2018
224,2014-05-19,19,Monday,May,2,2014
387,2014-10-29,29,Wednesday,October,4,2014
433,2014-12-14,14,Sunday,December,4,2014
472,2015-01-22,22,Thursday,January,1,2015
607,2015-06-07,7,Sunday,June,2,2015
644,2015-07-14,14,Tuesday,July,3,2015
1181,2017-01-02,2,Monday,January,1,2017
101,2014-01-16,16,Thursday,January,1,2014
103,2014-01-18,18,Saturday,January,1,2014
110,2014-01-25,25,Saturday,January,1,2014
126,2014-02-10,10,Monday,February,1,2014
131,2014-02-15,15,Saturday,February,1,2014
139,2014-02-23,23,Sunday,February,1,2014
140,2014-02-24,24,Monday,February,1,2014
145,2014-03-01,1,Saturday,March,1,2014
155,2014-03-11,11,Tuesday,March,1,2014
157,2014-03-13,13,Thursday,March,1,2014
162,2014-03-18,18,Tuesday,March,1,2014
166,2014-03-22,22,Saturday,March,1,2014
193,2014-04-18,18,Friday,April,2,2014
221,2014-05-16,16,Friday,May,2,2014
235,2014-05-30,30,Friday,May,2,2014
237,2014-06-01,1,Sunday,June,2,2014
246,2014-06-10,10,Tuesday,June,2,2014
247,2014-06-11,11,Wednesday,June,2,2014
251,2014-06-15,15,Sunday,June,2,2014
257,2014-06-21,21,Saturday,June,2,2014
279,2014-07-13,13,Sunday,July,3,2014
285,2014-07-19,19,Saturday,July,3,2014
294,2014-07-28,28,Monday,July,3,2014
301,2014-08-04,4,Monday,August,3,2014
304,2014-08-07,7,Thursday,August,3,2014
306,2014-08-09,9,Saturday,August,3,2014
334,2014-09-06,6,Saturday,September,3,2014
345,2014-09-17,17,Wednesday,September,3,2014
347,2014-09-19,19,Friday,September,3,2014
351,2014-09-23,23,Tuesday,September,3,2014
367,2014-10-09,9,Thursday,October,4,2014
375,2014-10-17,17,Friday,October,4,2014
376,2014-10-18,18,Saturday,October,4,2014
377,2014-10-19,19,Sunday,October,4,2014
394,2014-11-05,5,Wednesday,November,4,2014
415,2014-11-26,26,Wednesday,November,4,2014
432,2014-12-13,13,Saturday,December,4,2014
471,2015-01-21,21,Wednesday,January,1,2015
483,2015-02-02,2,Monday,February,1,2015
504,2015-02-23,23,Monday,February,1,2015
553,2015-04-13,13,Monday,April,2,2015
573,2015-05-04,4,Monday,May,2,2015
588,2015-05-19,19,Tuesday,May,2,2015
773,2015-11-20,20,Friday,November,4,2015
794,2015-12-11,11,Friday,December,4,2015
835,2016-01-21,21,Thursday,January,1,2016
847,2016-02-02,2,Tuesday,February,1,2016
874,2016-02-29,29,Monday,February,1,2016
1003,2016-07-08,8,Friday,July,3,2016
1155,2016-12-07,7,Wednesday,December,4,2016
1214,2017-02-05,5,Sunday,February,1,2017
1633,2018-03-31,31,Saturday,March,1,2018
286,2014-07-20,20,Sunday,July,3,2014
578,2015-05-09,9,Saturday,May,2,2015
1427,2017-09-06,6,Wednesday,September,3,2017
255,2014-06-19,19,Thursday,June,2,2014
568,2015-04-29,29,Wednesday,April,2,2015
875,2016-03-01,1,Tuesday,March,1,2016
956,2016-05-21,21,Saturday,May,2,2016
974,2016-06-08,8,Wednesday,June,2,2016
997,2016-07-02,2,Saturday,July,3,2016
1002,2016-07-07,7,Thursday,July,3,2016
1074,2016-09-17,17,Saturday,September,3,2016
1193,2017-01-14,14,Saturday,January,1,2017
343,2014-09-15,15,Monday,September,3,2014
468,2015-01-18,18,Sunday,January,1,2015
1460,2017-10-09,9,Monday,October,4,2017
373,2014-10-15,15,Wednesday,October,4,2014
175,2014-03-31,31,Monday,March,1,2014
192,2014-04-17,17,Thursday,April,2,2014
344,2014-09-16,16,Tuesday,September,3,2014
782,2015-11-29,29,Sunday,November,4,2015
170,2014-03-26,26,Wednesday,March,1,2014
395,2014-11-06,6,Thursday,November,4,2014
436,2014-12-17,17,Wednesday,December,4,2014
234,2014-05-29,29,Thursday,May,2,2014
1610,2018-03-08,8,Thursday,March,1,2018
11,2013-03-03,3,Sunday,March,1,2013
72,2013-10-07,7,Monday,October,4,2013
100,2014-01-15,15,Wednesday,January,1,2014
129,2014-02-13,13,Thursday,February,1,2014
133,2014-02-17,17,Monday,February,1,2014
149,2014-03-05,5,Wednesday,March,1,2014
199,2014-04-24,24,Thursday,April,2,2014
212,2014-05-07,7,Wednesday,May,2,2014
214,2014-05-09,9,Friday,May,2,2014
220,2014-05-15,15,Thursday,May,2,2014
227,2014-05-22,22,Thursday,May,2,2014
259,2014-06-23,23,Monday,June,2,2014
317,2014-08-20,20,Wednesday,August,3,2014
352,2014-09-24,24,Wednesday,September,3,2014
359,2014-10-01,1,Wednesday,October,4,2014
408,2014-11-19,19,Wednesday,November,4,2014
411,2014-11-22,22,Saturday,November,4,2014
417,2014-11-28,28,Friday,November,4,2014
439,2014-12-20,20,Saturday,December,4,2014
443,2014-12-24,24,Wednesday,December,4,2014
448,2014-12-29,29,Monday,December,4,2014
450,2014-12-31,31,Wednesday,December,4,2014
469,2015-01-19,19,Monday,January,1,2015
473,2015-01-23,23,Friday,January,1,2015
478,2015-01-28,28,Wednesday,January,1,2015
482,2015-02-01,1,Sunday,February,1,2015
511,2015-03-02,2,Monday,March,1,2015
1050,2016-08-24,24,Wednesday,August,3,2016
529,2015-03-20,20,Friday,March,1,2015
546,2015-04-06,6,Monday,April,2,2015
551,2015-04-11,11,Saturday,April,2,2015
569,2015-04-30,30,Thursday,April,2,2015
593,2015-05-24,24,Sunday,May,2,2015
602,2015-06-02,2,Tuesday,June,2,2015
625,2015-06-25,25,Thursday,June,2,2015
659,2015-07-29,29,Wednesday,July,3,2015
686,2015-08-25,25,Tuesday,August,3,2015
693,2015-09-01,1,Tuesday,September,3,2015
720,2015-09-28,28,Monday,September,3,2015
759,2015-11-06,6,Friday,November,4,2015
780,2015-11-27,27,Friday,November,4,2015
793,2015-12-10,10,Thursday,December,4,2015
804,2015-12-21,21,Monday,December,4,2015
824,2016-01-10,10,Sunday,January,1,2016
1430,2017-09-09,9,Saturday,September,3,2017
832,2016-01-18,18,Monday,January,1,2016
844,2016-01-30,30,Saturday,January,1,2016
909,2016-04-04,4,Monday,April,2,2016
917,2016-04-12,12,Tuesday,April,2,2016
949,2016-05-14,14,Saturday,May,2,2016
953,2016-05-18,18,Wednesday,May,2,2016
958,2016-05-23,23,Monday,May,2,2016
988,2016-06-23,23,Thursday,June,2,2016
1010,2016-07-15,15,Friday,July,3,2016
1044,2016-08-18,18,Thursday,August,3,2016
1083,2016-09-26,26,Monday,September,3,2016
1135,2016-11-17,17,Thursday,November,4,2016
1578,2018-02-04,4,Sunday,February,1,2018
104,2014-01-19,19,Sunday,January,1,2014
172,2014-03-28,28,Friday,March,1,2014
628,2015-06-28,28,Sunday,June,2,2015
817,2016-01-03,3,Sunday,January,1,2016
1115,2016-10-28,28,Friday,October,4,2016
252,2014-06-16,16,Monday,June,2,2014
266,2014-06-30,30,Monday,June,2,2014
267,2014-07-01,1,Tuesday,July,3,2014
280,2014-07-14,14,Monday,July,3,2014
564,2015-04-25,25,Saturday,April,2,2015
918,2016-04-13,13,Wednesday,April,2,2016
138,2014-02-22,22,Saturday,February,1,2014
211,2014-05-06,6,Tuesday,May,2,2014
114,2014-01-29,29,Wednesday,January,1,2014
274,2014-07-08,8,Tuesday,July,3,2014
196,2014-04-21,21,Monday,April,2,2014
323,2014-08-26,26,Tuesday,August,3,2014
727,2015-10-05,5,Monday,October,4,2015
168,2014-03-24,24,Monday,March,1,2014
169,2014-03-25,25,Tuesday,March,1,2014
256,2014-06-20,20,Friday,June,2,2014
282,2014-07-16,16,Wednesday,July,3,2014
290,2014-07-24,24,Thursday,July,3,2014
300,2014-08-03,3,Sunday,August,3,2014
342,2014-09-14,14,Sunday,September,3,2014
348,2014-09-20,20,Saturday,September,3,2014
358,2014-09-30,30,Tuesday,September,3,2014
363,2014-10-05,5,Sunday,October,4,2014
446,2014-12-27,27,Saturday,December,4,2014
705,2015-09-13,13,Sunday,September,3,2015
378,2014-10-20,20,Monday,October,4,2014
536,2015-03-27,27,Friday,March,1,2015
231,2014-05-26,26,Monday,May,2,2014
444,2014-12-25,25,Thursday,December,4,2014
726,2015-10-04,4,Sunday,October,4,2015
5,2013-01-26,26,Saturday,January,1,2013
7,2013-02-03,3,Sunday,February,1,2013
8,2013-02-09,9,Saturday,February,1,2013
13,2013-03-07,7,Thursday,March,1,2013
15,2013-03-11,11,Monday,March,1,2013
17,2013-03-21,21,Thursday,March,1,2013
18,2013-04-18,18,Thursday,April,2,2013
23,2013-04-28,28,Sunday,April,2,2013
24,2013-05-02,2,Thursday,May,2,2013
26,2013-05-11,11,Saturday,May,2,2013
27,2013-05-12,12,Sunday,May,2,2013
31,2013-05-18,18,Saturday,May,2,2013
33,2013-05-23,23,Thursday,May,2,2013
34,2013-05-25,25,Saturday,May,2,2013
36,2013-06-10,10,Monday,June,2,2013
37,2013-06-15,15,Saturday,June,2,2013
38,2013-06-21,21,Friday,June,2,2013
40,2013-06-27,27,Thursday,June,2,2013
42,2013-07-02,2,Tuesday,July,3,2013
43,2013-07-07,7,Sunday,July,3,2013
47,2013-07-20,20,Saturday,July,3,2013
48,2013-07-26,26,Friday,July,3,2013
49,2013-07-30,30,Tuesday,July,3,2013
51,2013-08-04,4,Sunday,August,3,2013
52,2013-08-05,5,Monday,August,3,2013
79,2013-11-22,22,Friday,November,4,2013
53,2013-08-06,6,Tuesday,August,3,2013
55,2013-08-14,14,Wednesday,August,3,2013
56,2013-08-17,17,Saturday,August,3,2013
57,2013-08-19,19,Monday,August,3,2013
58,2013-08-20,20,Tuesday,August,3,2013
59,2013-08-23,23,Friday,August,3,2013
61,2013-09-07,7,Saturday,September,3,2013
64,2013-09-15,15,Sunday,September,3,2013
66,2013-09-19,19,Thursday,September,3,2013
68,2013-09-22,22,Sunday,September,3,2013
69,2013-09-24,24,Tuesday,September,3,2013
74,2013-10-13,13,Sunday,October,4,2013
76,2013-10-27,27,Sunday,October,4,2013
77,2013-11-10,10,Sunday,November,4,2013
82,2013-12-07,7,Saturday,December,4,2013
85,2013-12-26,26,Thursday,December,4,2013
87,2014-01-02,2,Thursday,January,1,2014
88,2014-01-03,3,Friday,January,1,2014
89,2014-01-04,4,Saturday,January,1,2014
90,2014-01-05,5,Sunday,January,1,2014
94,2014-01-09,9,Thursday,January,1,2014
102,2014-01-17,17,Friday,January,1,2014
105,2014-01-20,20,Monday,January,1,2014
106,2014-01-21,21,Tuesday,January,1,2014
113,2014-01-28,28,Tuesday,January,1,2014
116,2014-01-31,31,Friday,January,1,2014
119,2014-02-03,3,Monday,February,1,2014
122,2014-02-06,6,Thursday,February,1,2014
128,2014-02-12,12,Wednesday,February,1,2014
236,2014-05-31,31,Saturday,May,2,2014
130,2014-02-14,14,Friday,February,1,2014
134,2014-02-18,18,Tuesday,February,1,2014
135,2014-02-19,19,Wednesday,February,1,2014
146,2014-03-02,2,Sunday,March,1,2014
148,2014-03-04,4,Tuesday,March,1,2014
151,2014-03-07,7,Friday,March,1,2014
152,2014-03-08,8,Saturday,March,1,2014
154,2014-03-10,10,Monday,March,1,2014
156,2014-03-12,12,Wednesday,March,1,2014
160,2014-03-16,16,Sunday,March,1,2014
164,2014-03-20,20,Thursday,March,1,2014
174,2014-03-30,30,Sunday,March,1,2014
177,2014-04-02,2,Wednesday,April,2,2014
178,2014-04-03,3,Thursday,April,2,2014
182,2014-04-07,7,Monday,April,2,2014
183,2014-04-08,8,Tuesday,April,2,2014
93,2014-01-08,8,Wednesday,January,1,2014
191,2014-04-16,16,Wednesday,April,2,2014
198,2014-04-23,23,Wednesday,April,2,2014
201,2014-04-26,26,Saturday,April,2,2014
202,2014-04-27,27,Sunday,April,2,2014
203,2014-04-28,28,Monday,April,2,2014
206,2014-05-01,1,Thursday,May,2,2014
209,2014-05-04,4,Sunday,May,2,2014
215,2014-05-10,10,Saturday,May,2,2014
216,2014-05-11,11,Sunday,May,2,2014
217,2014-05-12,12,Monday,May,2,2014
218,2014-05-13,13,Tuesday,May,2,2014
219,2014-05-14,14,Wednesday,May,2,2014
222,2014-05-17,17,Saturday,May,2,2014
238,2014-06-02,2,Monday,June,2,2014
241,2014-06-05,5,Thursday,June,2,2014
242,2014-06-06,6,Friday,June,2,2014
243,2014-06-07,7,Saturday,June,2,2014
244,2014-06-08,8,Sunday,June,2,2014
245,2014-06-09,9,Monday,June,2,2014
118,2014-02-02,2,Sunday,February,1,2014
249,2014-06-13,13,Friday,June,2,2014
250,2014-06-14,14,Saturday,June,2,2014
253,2014-06-17,17,Tuesday,June,2,2014
254,2014-06-18,18,Wednesday,June,2,2014
258,2014-06-22,22,Sunday,June,2,2014
261,2014-06-25,25,Wednesday,June,2,2014
262,2014-06-26,26,Thursday,June,2,2014
265,2014-06-29,29,Sunday,June,2,2014
268,2014-07-02,2,Wednesday,July,3,2014
270,2014-07-04,4,Friday,July,3,2014
271,2014-07-05,5,Saturday,July,3,2014
272,2014-07-06,6,Sunday,July,3,2014
273,2014-07-07,7,Monday,July,3,2014
288,2014-07-22,22,Tuesday,July,3,2014
289,2014-07-23,23,Wednesday,July,3,2014
291,2014-07-25,25,Friday,July,3,2014
292,2014-07-26,26,Saturday,July,3,2014
310,2014-08-13,13,Wednesday,August,3,2014
312,2014-08-15,15,Friday,August,3,2014
313,2014-08-16,16,Saturday,August,3,2014
314,2014-08-17,17,Sunday,August,3,2014
315,2014-08-18,18,Monday,August,3,2014
318,2014-08-21,21,Thursday,August,3,2014
320,2014-08-23,23,Saturday,August,3,2014
321,2014-08-24,24,Sunday,August,3,2014
194,2014-04-19,19,Saturday,April,2,2014
324,2014-08-27,27,Wednesday,August,3,2014
326,2014-08-29,29,Friday,August,3,2014
327,2014-08-30,30,Saturday,August,3,2014
328,2014-08-31,31,Sunday,August,3,2014
330,2014-09-02,2,Tuesday,September,3,2014
331,2014-09-03,3,Wednesday,September,3,2014
346,2014-09-18,18,Thursday,September,3,2014
336,2014-09-08,8,Monday,September,3,2014
338,2014-09-10,10,Wednesday,September,3,2014
353,2014-09-25,25,Thursday,September,3,2014
355,2014-09-27,27,Saturday,September,3,2014
109,2014-01-24,24,Friday,January,1,2014
361,2014-10-03,3,Friday,October,4,2014
366,2014-10-08,8,Wednesday,October,4,2014
369,2014-10-11,11,Saturday,October,4,2014
371,2014-10-13,13,Monday,October,4,2014
374,2014-10-16,16,Thursday,October,4,2014
379,2014-10-21,21,Tuesday,October,4,2014
380,2014-10-22,22,Wednesday,October,4,2014
382,2014-10-24,24,Friday,October,4,2014
383,2014-10-25,25,Saturday,October,4,2014
386,2014-10-28,28,Tuesday,October,4,2014
389,2014-10-31,31,Friday,October,4,2014
390,2014-11-01,1,Saturday,November,4,2014
392,2014-11-03,3,Monday,November,4,2014
393,2014-11-04,4,Tuesday,November,4,2014
396,2014-11-07,7,Friday,November,4,2014
398,2014-11-09,9,Sunday,November,4,2014
402,2014-11-13,13,Thursday,November,4,2014
404,2014-11-15,15,Saturday,November,4,2014
406,2014-11-17,17,Monday,November,4,2014
409,2014-11-20,20,Thursday,November,4,2014
410,2014-11-21,21,Friday,November,4,2014
414,2014-11-25,25,Tuesday,November,4,2014
420,2014-12-01,1,Monday,December,4,2014
423,2014-12-04,4,Thursday,December,4,2014
462,2015-01-12,12,Monday,January,1,2015
442,2014-12-23,23,Tuesday,December,4,2014
445,2014-12-26,26,Friday,December,4,2014
490,2015-02-09,9,Monday,February,1,2015
457,2015-01-07,7,Wednesday,January,1,2015
463,2015-01-13,13,Tuesday,January,1,2015
481,2015-01-31,31,Saturday,January,1,2015
484,2015-02-03,3,Tuesday,February,1,2015
501,2015-02-20,20,Friday,February,1,2015
575,2015-05-06,6,Wednesday,May,2,2015
121,2014-02-05,5,Wednesday,February,1,2014
147,2014-03-03,3,Monday,March,1,2014
608,2015-06-08,8,Monday,June,2,2015
943,2016-05-08,8,Sunday,May,2,2016
722,2015-09-30,30,Wednesday,September,3,2015
930,2016-04-25,25,Monday,April,2,2016
766,2015-11-13,13,Friday,November,4,2015
807,2015-12-24,24,Thursday,December,4,2015
853,2016-02-08,8,Monday,February,1,2016
977,2016-06-11,11,Saturday,June,2,2016
405,2014-11-16,16,Sunday,November,4,2014
2,2013-01-19,19,Saturday,January,1,2013
3,2013-01-23,23,Wednesday,January,1,2013
4,2013-01-25,25,Friday,January,1,2013
10,2013-02-19,19,Tuesday,February,1,2013
12,2013-03-04,4,Monday,March,1,2013
16,2013-03-13,13,Wednesday,March,1,2013
19,2013-04-21,21,Sunday,April,2,2013
21,2013-04-24,24,Wednesday,April,2,2013
35,2013-06-07,7,Friday,June,2,2013
44,2013-07-12,12,Friday,July,3,2013
54,2013-08-09,9,Friday,August,3,2013
60,2013-08-25,25,Sunday,August,3,2013
65,2013-09-16,16,Monday,September,3,2013
67,2013-09-20,20,Friday,September,3,2013
71,2013-10-05,5,Saturday,October,4,2013
75,2013-10-26,26,Saturday,October,4,2013
78,2013-11-11,11,Monday,November,4,2013
81,2013-12-01,1,Sunday,December,4,2013
83,2013-12-22,22,Sunday,December,4,2013
84,2013-12-25,25,Wednesday,December,4,2013
124,2014-02-08,8,Saturday,February,1,2014
125,2014-02-09,9,Sunday,February,1,2014
127,2014-02-11,11,Tuesday,February,1,2014
137,2014-02-21,21,Friday,February,1,2014
142,2014-02-26,26,Wednesday,February,1,2014
144,2014-02-28,28,Friday,February,1,2014
159,2014-03-15,15,Saturday,March,1,2014
179,2014-04-04,4,Friday,April,2,2014
185,2014-04-10,10,Thursday,April,2,2014
187,2014-04-12,12,Saturday,April,2,2014
190,2014-04-15,15,Tuesday,April,2,2014
225,2014-05-20,20,Tuesday,May,2,2014
240,2014-06-04,4,Wednesday,June,2,2014
277,2014-07-11,11,Friday,July,3,2014
278,2014-07-12,12,Saturday,July,3,2014
329,2014-09-01,1,Monday,September,3,2014
337,2014-09-09,9,Tuesday,September,3,2014
340,2014-09-12,12,Friday,September,3,2014
354,2014-09-26,26,Friday,September,3,2014
401,2014-11-12,12,Wednesday,November,4,2014
32,2013-05-19,19,Sunday,May,2,2013
1,2013-01-07,7,Monday,January,1,2013
9,2013-02-11,11,Monday,February,1,2013
14,2013-03-10,10,Sunday,March,1,2013
22,2013-04-25,25,Thursday,April,2,2013
25,2013-05-04,4,Saturday,May,2,2013
28,2013-05-13,13,Monday,May,2,2013
39,2013-06-23,23,Sunday,June,2,2013
50,2013-08-02,2,Friday,August,3,2013
62,2013-09-11,11,Wednesday,September,3,2013
80,2013-11-28,28,Thursday,November,4,2013
6,2013-02-02,2,Saturday,February,1,2013
357,2014-09-29,29,Monday,September,3,2014
45,2013-07-13,13,Saturday,July,3,2013
335,2014-09-07,7,Sunday,September,3,2014
63,2013-09-14,14,Saturday,September,3,2013
29,2013-05-14,14,Tuesday,May,2,2013
41,2013-07-01,1,Monday,July,3,2013
46,2013-07-14,14,Sunday,July,3,2013
